{"cameraMode":{"drawMode":0,"name":"Shaded","section":"Shading Mode"},"sceneLighting":true,"audioPlay":false,"sceneViewState":{"showFog":true,"showMaterialUpdate":false,"showSkybox":true,"showFlares":true,"showImageEffects":true,"showParticleSystems":true},"in2DMode":false,"pivot":{"x":-35.259151458740237,"y":11.250703811645508,"z":-70.0452880859375},"rotation":{"x":-0.31721189618110659,"y":-0.010813744738698006,"z":0.0036172980908304455,"w":-0.9482862949371338},"size":16.78675079345703,"orthographic":false}