{"cameraMode":{"drawMode":0,"name":"Shaded","section":"Shading Mode"},"sceneLighting":true,"audioPlay":false,"sceneViewState":{"showFog":true,"showMaterialUpdate":false,"showSkybox":true,"showFlares":true,"showImageEffects":true,"showParticleSystems":true},"in2DMode":false,"pivot":{"x":-17.609119415283204,"y":3.8839991092681886,"z":7.466405868530273},"rotation":{"x":-0.003595249494537711,"y":0.8660694360733032,"z":0.006226775236427784,"w":0.4998945891857147},"size":10.21956729888916,"orthographic":false}