{"cameraMode":{"drawMode":0,"name":"Shaded","section":"Shading Mode"},"sceneLighting":true,"audioPlay":false,"sceneViewState":{"showFog":true,"showMaterialUpdate":false,"showSkybox":true,"showFlares":true,"showImageEffects":true,"showParticleSystems":true},"in2DMode":false,"pivot":{"x":17.180938720703126,"y":-33.78125,"z":58.49609375},"rotation":{"x":0.636066198348999,"y":0.004629810340702534,"z":-0.0038165240548551084,"w":0.7716203927993774},"size":285.35040283203127,"orthographic":true}