{"cameraMode":{"drawMode":0,"name":"Shaded","section":"Shading Mode"},"sceneLighting":false,"audioPlay":false,"sceneViewState":{"showFog":true,"showMaterialUpdate":false,"showSkybox":false,"showFlares":true,"showImageEffects":true,"showParticleSystems":true},"in2DMode":false,"pivot":{"x":0.2507234811782837,"y":1.6089756488800049,"z":-1.183866024017334},"rotation":{"x":0.21706891059875489,"y":0.02732827514410019,"z":-0.006079512182623148,"w":0.9757552146911621},"size":2.8958282470703127,"orthographic":false}