{"cameraMode":{"drawMode":0,"name":"Shaded","section":"Shading Mode"},"sceneLighting":true,"audioPlay":false,"sceneViewState":{"showFog":true,"showMaterialUpdate":false,"showSkybox":true,"showFlares":true,"showImageEffects":true,"showParticleSystems":true},"in2DMode":false,"pivot":{"x":1.253617763519287,"y":8.044878005981446,"z":-5.919330596923828},"rotation":{"x":0.09751199185848236,"y":0.42031243443489077,"z":-0.04549022391438484,"w":0.9009793996810913},"size":14.479140281677246,"orthographic":false}