{"cameraMode":{"drawMode":0,"name":"Shaded","section":"Shading Mode"},"sceneLighting":true,"audioPlay":false,"sceneViewState":{"showFog":true,"showMaterialUpdate":false,"showSkybox":true,"showFlares":true,"showImageEffects":true,"showParticleSystems":true},"in2DMode":false,"pivot":{"x":-20.277868270874025,"y":10.584182739257813,"z":-98.03277587890625},"rotation":{"x":-0.023159673437476159,"y":0.8642464280128479,"z":-0.5009465217590332,"w":-0.03995593264698982},"size":109.82656860351563,"orthographic":false}